{
    "metrics": {
        "data_received": {
            "count": 13156349,
            "rate": 483423.6672745924
        },
        "http_req_duration": {
            "med": 15993.1474,
            "max": 25495.9842,
            "p(90)": 23992.65693,
            "p(95)": 24798.173424999997,
            "avg": 17842.477188166697,
            "min": 513.9302
        },
        "http_req_sending": {
            "avg": 0.3244937999999997,
            "min": 0,
            "med": 0,
            "max": 20.0064,
            "p(90)": 1.0002,
            "p(95)": 1.0022
        },
        "http_req_failed": {
            "passes": 0,
            "fails": 3000,
            "value": 0
        },
        "http_reqs": {
            "count": 3000,
            "rate": 110.23354593464929
        },
        "http_req_blocked": {
            "avg": 657.9237777999997,
            "min": 488.4462,
            "med": 659.80165,
            "max": 879.2796,
            "p(90)": 686.74549,
            "p(95)": 725.46147
        },
        "http_req_waiting": {
            "avg": 17842.040418500066,
            "min": 511.9255,
            "med": 15992.9804,
            "max": 25493.9467,
            "p(90)": 23992.55325,
            "p(95)": 24797.647315
        },
        "http_req_duration{expected_response:true}": {
            "med": 15993.1474,
            "max": 25495.9842,
            "p(90)": 23992.65693,
            "p(95)": 24798.173424999997,
            "avg": 17842.477188166697,
            "min": 513.9302
        },
        "checks": {
            "passes": 3000,
            "fails": 33000,
            "value": 0.08333333333333333
        },
        "vus": {
            "min": 0,
            "max": 3000,
            "value": 3
        },
        "iteration_duration": {
            "max": 27155.6366,
            "p(90)": 25655.54752,
            "p(95)": 26442.40540499999,
            "avg": 19501.213504299973,
            "min": 2006.2533,
            "med": 17654.304799999998
        },
        "vus_max": {
            "value": 3000,
            "min": 1523,
            "max": 3000
        },
        "iterations": {
            "count": 3000,
            "rate": 110.23354593464929
        },
        "http_req_receiving": {
            "p(95)": 0.6547499999999986,
            "avg": 0.11227586666666652,
            "min": 0,
            "med": 0,
            "max": 14.7653,
            "p(90)": 0.5143099999999999
        },
        "http_req_connecting": {
            "avg": 357.8809837333335,
            "min": 81.0021,
            "med": 372.978,
            "max": 416.1381,
            "p(90)": 403.4441,
            "p(95)": 405.0077
        },
        "http_req_tls_handshaking": {
            "p(95)": 421.82061499999975,
            "avg": 298.9081084333331,
            "min": 222.5779,
            "med": 279.83140000000003,
            "max": 556.1572,
            "p(90)": 361.70296999999994
        },
        "data_sent": {
            "count": 3849000,
            "rate": 141429.63943415505
        }
    },
    "root_group": {
        "name": "",
        "path": "",
        "id": "d41d8cd98f00b204e9800998ecf8427e",
        "groups": {},
        "checks": {
                "200 OK": {
                    "name": "200 OK",
                    "path": "::200 OK",
                    "id": "e9654c443eff553da9e69eda7007924e",
                    "passes": 0,
                    "fails": 3000
                },
                "201 Created": {
                    "name": "201 Created",
                    "path": "::201 Created",
                    "id": "728dcd977aae263ca314731145e1d447",
                    "passes": 3000,
                    "fails": 0
                },
                "204 No Content": {
                    "passes": 0,
                    "fails": 3000,
                    "name": "204 No Content",
                    "path": "::204 No Content",
                    "id": "54fa3c2eda34e1622fda2da5e0479fc5"
                },
                "400 Bad Request": {
                    "name": "400 Bad Request",
                    "path": "::400 Bad Request",
                    "id": "eeae81934b9b58bccaf0184a6d070338",
                    "passes": 0,
                    "fails": 3000
                },
                "401 Unauthorized": {
                    "name": "401 Unauthorized",
                    "path": "::401 Unauthorized",
                    "id": "6ae9254e6aefe7f0bafe5102fa7e20a5",
                    "passes": 0,
                    "fails": 3000
                },
                "403 Forbidden": {
                    "fails": 3000,
                    "name": "403 Forbidden",
                    "path": "::403 Forbidden",
                    "id": "655548b761742c5a7ad15aa7df3a5d9c",
                    "passes": 0
                },
                "404 Not Found": {
                    "passes": 0,
                    "fails": 3000,
                    "name": "404 Not Found",
                    "path": "::404 Not Found",
                    "id": "df1528f9925ca236bac51008f77b774a"
                },
                "429 Too Many Requests": {
                    "path": "::429 Too Many Requests",
                    "id": "b810c35b9499cc7342fd415032e3a6aa",
                    "passes": 0,
                    "fails": 3000,
                    "name": "429 Too Many Requests"
                },
                "500 Internal Server Error": {
                    "name": "500 Internal Server Error",
                    "path": "::500 Internal Server Error",
                    "id": "3cd96245b24e869810efe46d533b0eef",
                    "passes": 0,
                    "fails": 3000
                },
                "502 Bad Gateway": {
                    "fails": 3000,
                    "name": "502 Bad Gateway",
                    "path": "::502 Bad Gateway",
                    "id": "712cb0ec189a11f31f0d6d0c0031b569",
                    "passes": 0
                },
                "503 Service Unavailable": {
                    "path": "::503 Service Unavailable",
                    "id": "f1ea1a22be0dc738c385523a66ea1cd9",
                    "passes": 0,
                    "fails": 3000,
                    "name": "503 Service Unavailable"
                },
                "504 Gateway Timeout": {
                    "name": "504 Gateway Timeout",
                    "path": "::504 Gateway Timeout",
                    "id": "218efb729cb654723ccd57c6ebbebe29",
                    "passes": 0,
                    "fails": 3000
                }
            }
    }
}