{
    "metrics": {
        "http_reqs": {
            "count": 1,
            "rate": 0.7371472842388328
        },
        "http_req_tls_handshaking": {
            "p(95)": 5.6767,
            "avg": 5.6767,
            "min": 5.6767,
            "med": 5.6767,
            "max": 5.6767,
            "p(90)": 5.6767
        },
        "http_req_receiving": {
            "avg": 0,
            "min": 0,
            "med": 0,
            "max": 0,
            "p(90)": 0,
            "p(95)": 0
        },
        "http_req_sending": {
            "med": 18.3737,
            "max": 18.3737,
            "p(90)": 18.3737,
            "p(95)": 18.3737,
            "avg": 18.3737,
            "min": 18.3737
        },
        "http_req_waiting": {
            "min": 316.8581,
            "med": 316.8581,
            "max": 316.8581,
            "p(90)": 316.8581,
            "p(95)": 316.8581,
            "avg": 316.8581
        },
        "data_received": {
            "count": 4181,
            "rate": 3082.0127954025597
        },
        "http_req_failed": {
            "passes": 0,
            "fails": 1,
            "value": 0
        },
        "dropped_iterations": {
            "rate": 0.7371472842388328,
            "count": 1
        },
        "iterations": {
            "count": 1,
            "rate": 0.7371472842388328
        },
        "http_req_duration{expected_response:true}": {
            "avg": 335.2318,
            "min": 335.2318,
            "med": 335.2318,
            "max": 335.2318,
            "p(90)": 335.2318,
            "p(95)": 335.2318
        },
        "http_req_connecting": {
            "avg": 3.5421,
            "min": 3.5421,
            "med": 3.5421,
            "max": 3.5421,
            "p(90)": 3.5421,
            "p(95)": 3.5421
        },
        "checks": {
            "passes": 1,
            "fails": 11,
            "value": 0.08333333333333333
        },
        "data_sent": {
            "count": 433496,
            "rate": 319550.39912839705
        },
        "vus_max": {
            "value": 1,
            "min": 1,
            "max": 1
        },
        "vus": {
            "value": 1,
            "min": 1,
            "max": 1
        },
        "iteration_duration": {
            "p(95)": 1356.581,
            "avg": 1356.581,
            "min": 1356.581,
            "med": 1356.581,
            "max": 1356.581,
            "p(90)": 1356.581
        },
        "http_req_blocked": {
            "p(90)": 18.6273,
            "p(95)": 18.6273,
            "avg": 18.6273,
            "min": 18.6273,
            "med": 18.6273,
            "max": 18.6273
        },
        "http_req_duration": {
            "max": 335.2318,
            "p(90)": 335.2318,
            "p(95)": 335.2318,
            "avg": 335.2318,
            "min": 335.2318,
            "med": 335.2318
        }
    },
    "root_group": {
        "name": "",
        "path": "",
        "id": "d41d8cd98f00b204e9800998ecf8427e",
        "groups": {},
        "checks": {
                "200 OK": {
                    "fails": 0,
                    "name": "200 OK",
                    "path": "::200 OK",
                    "id": "e9654c443eff553da9e69eda7007924e",
                    "passes": 1
                },
                "201 Created": {
                    "path": "::201 Created",
                    "id": "728dcd977aae263ca314731145e1d447",
                    "passes": 0,
                    "fails": 1,
                    "name": "201 Created"
                },
                "204 No Content": {
                    "name": "204 No Content",
                    "path": "::204 No Content",
                    "id": "54fa3c2eda34e1622fda2da5e0479fc5",
                    "passes": 0,
                    "fails": 1
                },
                "400 Bad Request": {
                    "id": "eeae81934b9b58bccaf0184a6d070338",
                    "passes": 0,
                    "fails": 1,
                    "name": "400 Bad Request",
                    "path": "::400 Bad Request"
                },
                "401 Unauthorized": {
                    "path": "::401 Unauthorized",
                    "id": "6ae9254e6aefe7f0bafe5102fa7e20a5",
                    "passes": 0,
                    "fails": 1,
                    "name": "401 Unauthorized"
                },
                "403 Forbidden": {
                    "fails": 1,
                    "name": "403 Forbidden",
                    "path": "::403 Forbidden",
                    "id": "655548b761742c5a7ad15aa7df3a5d9c",
                    "passes": 0
                },
                "404 Not Found": {
                    "name": "404 Not Found",
                    "path": "::404 Not Found",
                    "id": "df1528f9925ca236bac51008f77b774a",
                    "passes": 0,
                    "fails": 1
                },
                "429 Too Many Requests": {
                    "name": "429 Too Many Requests",
                    "path": "::429 Too Many Requests",
                    "id": "b810c35b9499cc7342fd415032e3a6aa",
                    "passes": 0,
                    "fails": 1
                },
                "500 Internal Server Error": {
                    "id": "3cd96245b24e869810efe46d533b0eef",
                    "passes": 0,
                    "fails": 1,
                    "name": "500 Internal Server Error",
                    "path": "::500 Internal Server Error"
                },
                "502 Bad Gateway": {
                    "name": "502 Bad Gateway",
                    "path": "::502 Bad Gateway",
                    "id": "712cb0ec189a11f31f0d6d0c0031b569",
                    "passes": 0,
                    "fails": 1
                },
                "503 Service Unavailable": {
                    "name": "503 Service Unavailable",
                    "path": "::503 Service Unavailable",
                    "id": "f1ea1a22be0dc738c385523a66ea1cd9",
                    "passes": 0,
                    "fails": 1
                },
                "504 Gateway Timeout": {
                    "passes": 0,
                    "fails": 1,
                    "name": "504 Gateway Timeout",
                    "path": "::504 Gateway Timeout",
                    "id": "218efb729cb654723ccd57c6ebbebe29"
                }
            }
    }
}