{
    "metrics": {
        "checks": {
            "passes": 1,
            "fails": 11,
            "value": 0.08333333333333333
        },
        "vus": {
            "value": 1,
            "min": 1,
            "max": 1
        },
        "http_req_connecting": {
            "p(90)": 4.0122,
            "p(95)": 4.0122,
            "avg": 4.0122,
            "min": 4.0122,
            "med": 4.0122,
            "max": 4.0122
        },
        "dropped_iterations": {
            "rate": 0.8528409325440347,
            "count": 1
        },
        "iterations": {
            "count": 1,
            "rate": 0.8528409325440347
        },
        "http_req_blocked": {
            "p(90)": 26.7831,
            "p(95)": 26.7831,
            "avg": 26.7831,
            "min": 26.7831,
            "med": 26.7831,
            "max": 26.7831
        },
        "vus_max": {
            "value": 1,
            "min": 1,
            "max": 1
        },
        "data_sent": {
            "count": 896,
            "rate": 764.1454755594551
        },
        "http_req_waiting": {
            "p(90)": 143.8431,
            "p(95)": 143.8431,
            "avg": 143.8431,
            "min": 143.8431,
            "med": 143.8431,
            "max": 143.8431
        },
        "http_req_failed": {
            "passes": 0,
            "fails": 1,
            "value": 0
        },
        "data_received": {
            "rate": 3603.2529399985465,
            "count": 4225
        },
        "http_req_receiving": {
            "p(90)": 0,
            "p(95)": 0,
            "avg": 0,
            "min": 0,
            "med": 0,
            "max": 0
        },
        "http_reqs": {
            "rate": 0.8528409325440347,
            "count": 1
        },
        "http_req_sending": {
            "avg": 0.8837,
            "min": 0.8837,
            "med": 0.8837,
            "max": 0.8837,
            "p(90)": 0.8837,
            "p(95)": 0.8837
        },
        "http_req_tls_handshaking": {
            "avg": 5.7126,
            "min": 5.7126,
            "med": 5.7126,
            "max": 5.7126,
            "p(90)": 5.7126,
            "p(95)": 5.7126
        },
        "http_req_duration{expected_response:true}": {
            "max": 144.7268,
            "p(90)": 144.7268,
            "p(95)": 144.7268,
            "avg": 144.7268,
            "min": 144.7268,
            "med": 144.7268
        },
        "http_req_duration": {
            "med": 144.7268,
            "max": 144.7268,
            "p(90)": 144.7268,
            "p(95)": 144.7268,
            "avg": 144.7268,
            "min": 144.7268
        },
        "iteration_duration": {
            "p(90)": 1172.5516,
            "p(95)": 1172.5516,
            "avg": 1172.5516,
            "min": 1172.5516,
            "med": 1172.5516,
            "max": 1172.5516
        }
    },
    "root_group": {
        "groups": {},
        "checks": {
                "200 OK": {
                    "name": "200 OK",
                    "path": "::200 OK",
                    "id": "e9654c443eff553da9e69eda7007924e",
                    "passes": 0,
                    "fails": 1
                },
                "201 Created": {
                    "name": "201 Created",
                    "path": "::201 Created",
                    "id": "728dcd977aae263ca314731145e1d447",
                    "passes": 1,
                    "fails": 0
                },
                "204 No Content": {
                    "passes": 0,
                    "fails": 1,
                    "name": "204 No Content",
                    "path": "::204 No Content",
                    "id": "54fa3c2eda34e1622fda2da5e0479fc5"
                },
                "400 Bad Request": {
                    "fails": 1,
                    "name": "400 Bad Request",
                    "path": "::400 Bad Request",
                    "id": "eeae81934b9b58bccaf0184a6d070338",
                    "passes": 0
                },
                "401 Unauthorized": {
                    "path": "::401 Unauthorized",
                    "id": "6ae9254e6aefe7f0bafe5102fa7e20a5",
                    "passes": 0,
                    "fails": 1,
                    "name": "401 Unauthorized"
                },
                "403 Forbidden": {
                    "path": "::403 Forbidden",
                    "id": "655548b761742c5a7ad15aa7df3a5d9c",
                    "passes": 0,
                    "fails": 1,
                    "name": "403 Forbidden"
                },
                "404 Not Found": {
                    "fails": 1,
                    "name": "404 Not Found",
                    "path": "::404 Not Found",
                    "id": "df1528f9925ca236bac51008f77b774a",
                    "passes": 0
                },
                "429 Too Many Requests": {
                    "id": "b810c35b9499cc7342fd415032e3a6aa",
                    "passes": 0,
                    "fails": 1,
                    "name": "429 Too Many Requests",
                    "path": "::429 Too Many Requests"
                },
                "500 Internal Server Error": {
                    "name": "500 Internal Server Error",
                    "path": "::500 Internal Server Error",
                    "id": "3cd96245b24e869810efe46d533b0eef",
                    "passes": 0,
                    "fails": 1
                },
                "502 Bad Gateway": {
                    "id": "712cb0ec189a11f31f0d6d0c0031b569",
                    "passes": 0,
                    "fails": 1,
                    "name": "502 Bad Gateway",
                    "path": "::502 Bad Gateway"
                },
                "503 Service Unavailable": {
                    "name": "503 Service Unavailable",
                    "path": "::503 Service Unavailable",
                    "id": "f1ea1a22be0dc738c385523a66ea1cd9",
                    "passes": 0,
                    "fails": 1
                },
                "504 Gateway Timeout": {
                    "path": "::504 Gateway Timeout",
                    "id": "218efb729cb654723ccd57c6ebbebe29",
                    "passes": 0,
                    "fails": 1,
                    "name": "504 Gateway Timeout"
                }
            },
        "name": "",
        "path": "",
        "id": "d41d8cd98f00b204e9800998ecf8427e"
    }
}