{
    "metrics": {
        "http_req_connecting": {
            "avg": 25.97352853333335,
            "min": 12.7017,
            "med": 20.83015,
            "max": 72.6604,
            "p(90)": 41.50384,
            "p(95)": 42.718755
        },
        "vus": {
            "value": 750,
            "min": 750,
            "max": 750
        },
        "vus_max": {
            "value": 750,
            "min": 750,
            "max": 750
        },
        "http_req_failed": {
            "passes": 196,
            "fails": 554,
            "value": 0.2613333333333333
        },
        "iterations": {
            "count": 750,
            "rate": 495.21460917431943
        },
        "http_reqs": {
            "count": 750,
            "rate": 495.21460917431943
        },
        "http_req_blocked": {
            "med": 94.89675,
            "max": 323.3258,
            "p(90)": 242.38168,
            "p(95)": 261.24976,
            "avg": 105.67120120000003,
            "min": 0
        },
        "http_req_receiving": {
            "avg": 4.558885866666664,
            "min": 0,
            "med": 0.9882,
            "max": 34.4044,
            "p(90)": 19.0024,
            "p(95)": 23.401
        },
        "data_sent": {
            "count": 476440,
            "rate": 314586.73119335034
        },
        "http_req_tls_handshaking": {
            "p(95)": 213.81227999999996,
            "avg": 82.09065746666667,
            "min": 0,
            "med": 69.87325,
            "max": 260.664,
            "p(90)": 186.2537
        },
        "data_received": {
            "count": 5231181,
            "rate": 3454076.3392468337
        },
        "http_req_duration": {
            "med": 159.2192,
            "max": 372.5046,
            "p(90)": 277.43073,
            "p(95)": 317.09262499999994,
            "avg": 144.68568599999998,
            "min": 0
        },
        "http_req_waiting": {
            "avg": 139.68955533333332,
            "min": 0,
            "med": 151.3721,
            "max": 372.5046,
            "p(90)": 276.72509,
            "p(95)": 317.06076499999995
        },
        "checks": {
            "passes": 554,
            "fails": 8446,
            "value": 0.06155555555555556
        },
        "iteration_duration": {
            "p(90)": 1445.8523200000002,
            "p(95)": 1464.7501,
            "avg": 1349.5895633333305,
            "min": 1032.502,
            "med": 1358.3076500000002,
            "max": 1508.5066
        },
        "http_req_duration{expected_response:true}": {
            "p(95)": 328.855,
            "avg": 195.87412364620937,
            "min": 45.9042,
            "med": 182.52100000000002,
            "max": 372.5046,
            "p(90)": 297.51171
        },
        "http_req_sending": {
            "min": 0,
            "med": 0,
            "max": 29.4,
            "p(90)": 1,
            "p(95)": 1.0036100000000001,
            "avg": 0.4372447999999997
        }
    },
    "root_group": {
        "id": "d41d8cd98f00b204e9800998ecf8427e",
        "groups": {},
        "checks": {
                "200 OK": {
                    "fails": 196,
                    "name": "200 OK",
                    "path": "::200 OK",
                    "id": "e9654c443eff553da9e69eda7007924e",
                    "passes": 554
                },
                "201 Created": {
                    "passes": 0,
                    "fails": 750,
                    "name": "201 Created",
                    "path": "::201 Created",
                    "id": "728dcd977aae263ca314731145e1d447"
                },
                "204 No Content": {
                    "id": "54fa3c2eda34e1622fda2da5e0479fc5",
                    "passes": 0,
                    "fails": 750,
                    "name": "204 No Content",
                    "path": "::204 No Content"
                },
                "400 Bad Request": {
                    "name": "400 Bad Request",
                    "path": "::400 Bad Request",
                    "id": "eeae81934b9b58bccaf0184a6d070338",
                    "passes": 0,
                    "fails": 750
                },
                "401 Unauthorized": {
                    "id": "6ae9254e6aefe7f0bafe5102fa7e20a5",
                    "passes": 0,
                    "fails": 750,
                    "name": "401 Unauthorized",
                    "path": "::401 Unauthorized"
                },
                "403 Forbidden": {
                    "name": "403 Forbidden",
                    "path": "::403 Forbidden",
                    "id": "655548b761742c5a7ad15aa7df3a5d9c",
                    "passes": 0,
                    "fails": 750
                },
                "404 Not Found": {
                    "name": "404 Not Found",
                    "path": "::404 Not Found",
                    "id": "df1528f9925ca236bac51008f77b774a",
                    "passes": 0,
                    "fails": 750
                },
                "429 Too Many Requests": {
                    "id": "b810c35b9499cc7342fd415032e3a6aa",
                    "passes": 0,
                    "fails": 750,
                    "name": "429 Too Many Requests",
                    "path": "::429 Too Many Requests"
                },
                "500 Internal Server Error": {
                    "path": "::500 Internal Server Error",
                    "id": "3cd96245b24e869810efe46d533b0eef",
                    "passes": 0,
                    "fails": 750,
                    "name": "500 Internal Server Error"
                },
                "502 Bad Gateway": {
                    "passes": 0,
                    "fails": 750,
                    "name": "502 Bad Gateway",
                    "path": "::502 Bad Gateway",
                    "id": "712cb0ec189a11f31f0d6d0c0031b569"
                },
                "503 Service Unavailable": {
                    "name": "503 Service Unavailable",
                    "path": "::503 Service Unavailable",
                    "id": "f1ea1a22be0dc738c385523a66ea1cd9",
                    "passes": 0,
                    "fails": 750
                },
                "504 Gateway Timeout": {
                    "id": "218efb729cb654723ccd57c6ebbebe29",
                    "passes": 0,
                    "fails": 750,
                    "name": "504 Gateway Timeout",
                    "path": "::504 Gateway Timeout"
                }
            },
        "name": "",
        "path": ""
    }
}