{
    "metrics": {
        "vus": {
            "value": 746,
            "min": 746,
            "max": 1250
        },
        "iteration_duration": {
            "med": 2405.54185,
            "max": 2800.8952,
            "p(90)": 2755.53263,
            "p(95)": 2775.118955,
            "avg": 2213.9011357599984,
            "min": 1073.9835
        },
        "http_req_duration": {
            "min": 0,
            "med": 1162.64415,
            "max": 1640.6486,
            "p(90)": 1510.80791,
            "p(95)": 1550.2701,
            "avg": 844.4144940799995
        },
        "http_req_receiving": {
            "med": 0,
            "max": 2.7455,
            "p(90)": 0.5254,
            "p(95)": 0.7488,
            "avg": 0.1167128000000001,
            "min": 0
        },
        "http_req_duration{expected_response:true}": {
            "avg": 1303.108787160493,
            "min": 357.4788,
            "med": 1334.7091,
            "max": 1640.6486,
            "p(90)": 1533.3563800000002,
            "p(95)": 1575.00827
        },
        "http_req_tls_handshaking": {
            "med": 93.69905,
            "max": 326.9798,
            "p(90)": 219.86799000000005,
            "p(95)": 278.97643999999997,
            "avg": 96.86067888000005,
            "min": 0
        },
        "http_req_connecting": {
            "p(90)": 74.19357000000001,
            "p(95)": 76.385195,
            "avg": 62.4895714400001,
            "min": 45.642,
            "med": 62.28405,
            "max": 100.0648
        },
        "vus_max": {
            "value": 1250,
            "min": 1250,
            "max": 1250
        },
        "http_reqs": {
            "count": 1250,
            "rate": 446.07785864356504
        },
        "http_req_waiting": {
            "p(95)": 1549.98113,
            "avg": 844.0551546399996,
            "min": 0,
            "med": 1160.59245,
            "max": 1640.6486,
            "p(90)": 1509.8569499999999
        },
        "http_req_failed": {
            "passes": 440,
            "fails": 810,
            "value": 0.352
        },
        "checks": {
            "passes": 810,
            "fails": 14190,
            "value": 0.054
        },
        "data_sent": {
            "count": 696600,
            "rate": 248590.2690648859
        },
        "http_req_blocked": {
            "avg": 157.97570584000013,
            "min": 0,
            "med": 170.40885,
            "max": 430.3409,
            "p(90)": 351.71014000000014,
            "p(95)": 377.23019999999997
        },
        "data_received": {
            "count": 7645020,
            "rate": 2728219.320709782
        },
        "http_req_sending": {
            "avg": 0.24262664000000023,
            "min": 0,
            "med": 0,
            "max": 39.5505,
            "p(90)": 0.99811,
            "p(95)": 1.0006
        },
        "iterations": {
            "count": 1250,
            "rate": 446.07785864356504
        }
    },
    "root_group": {
        "name": "",
        "path": "",
        "id": "d41d8cd98f00b204e9800998ecf8427e",
        "groups": {},
        "checks": {
                "200 OK": {
                    "name": "200 OK",
                    "path": "::200 OK",
                    "id": "e9654c443eff553da9e69eda7007924e",
                    "passes": 810,
                    "fails": 440
                },
                "201 Created": {
                    "path": "::201 Created",
                    "id": "728dcd977aae263ca314731145e1d447",
                    "passes": 0,
                    "fails": 1250,
                    "name": "201 Created"
                },
                "204 No Content": {
                    "path": "::204 No Content",
                    "id": "54fa3c2eda34e1622fda2da5e0479fc5",
                    "passes": 0,
                    "fails": 1250,
                    "name": "204 No Content"
                },
                "400 Bad Request": {
                    "passes": 0,
                    "fails": 1250,
                    "name": "400 Bad Request",
                    "path": "::400 Bad Request",
                    "id": "eeae81934b9b58bccaf0184a6d070338"
                },
                "401 Unauthorized": {
                    "name": "401 Unauthorized",
                    "path": "::401 Unauthorized",
                    "id": "6ae9254e6aefe7f0bafe5102fa7e20a5",
                    "passes": 0,
                    "fails": 1250
                },
                "403 Forbidden": {
                    "passes": 0,
                    "fails": 1250,
                    "name": "403 Forbidden",
                    "path": "::403 Forbidden",
                    "id": "655548b761742c5a7ad15aa7df3a5d9c"
                },
                "404 Not Found": {
                    "id": "df1528f9925ca236bac51008f77b774a",
                    "passes": 0,
                    "fails": 1250,
                    "name": "404 Not Found",
                    "path": "::404 Not Found"
                },
                "429 Too Many Requests": {
                    "name": "429 Too Many Requests",
                    "path": "::429 Too Many Requests",
                    "id": "b810c35b9499cc7342fd415032e3a6aa",
                    "passes": 0,
                    "fails": 1250
                },
                "500 Internal Server Error": {
                    "id": "3cd96245b24e869810efe46d533b0eef",
                    "passes": 0,
                    "fails": 1250,
                    "name": "500 Internal Server Error",
                    "path": "::500 Internal Server Error"
                },
                "502 Bad Gateway": {
                    "name": "502 Bad Gateway",
                    "path": "::502 Bad Gateway",
                    "id": "712cb0ec189a11f31f0d6d0c0031b569",
                    "passes": 0,
                    "fails": 1250
                },
                "503 Service Unavailable": {
                    "name": "503 Service Unavailable",
                    "path": "::503 Service Unavailable",
                    "id": "f1ea1a22be0dc738c385523a66ea1cd9",
                    "passes": 0,
                    "fails": 1250
                },
                "504 Gateway Timeout": {
                    "name": "504 Gateway Timeout",
                    "path": "::504 Gateway Timeout",
                    "id": "218efb729cb654723ccd57c6ebbebe29",
                    "passes": 0,
                    "fails": 1250
                }
            }
    }
}