{
    "metrics": {
        "http_req_duration": {
            "avg": 240.77457333333336,
            "min": 58.8874,
            "med": 237.3231,
            "max": 429.6888,
            "p(90)": 357.36206,
            "p(95)": 377.86836000000005
        },
        "http_req_duration{expected_response:true}": {
            "min": 58.8874,
            "med": 237.3231,
            "max": 429.6888,
            "p(90)": 357.36206,
            "p(95)": 377.86836000000005,
            "avg": 240.77457333333336
        },
        "vus": {
            "value": 375,
            "min": 375,
            "max": 375
        },
        "iteration_duration": {
            "min": 1104.6907,
            "med": 1389.1825,
            "max": 1454.8136,
            "p(90)": 1441.5898,
            "p(95)": 1445.7959600000002,
            "avg": 1339.0289194666668
        },
        "http_req_waiting": {
            "avg": 240.44335839999994,
            "min": 58.771,
            "med": 236.7728,
            "max": 429.6888,
            "p(90)": 357.1147,
            "p(95)": 377.86836000000005
        },
        "vus_max": {
            "min": 375,
            "max": 375,
            "value": 375
        },
        "http_req_connecting": {
            "min": 1.965,
            "med": 7.2279,
            "max": 17.6077,
            "p(90)": 8.4925,
            "p(95)": 9.0516,
            "avg": 6.4952791999999935
        },
        "http_req_failed": {
            "passes": 0,
            "fails": 375,
            "value": 0
        },
        "checks": {
            "passes": 375,
            "fails": 4125,
            "value": 0.08333333333333333
        },
        "http_req_sending": {
            "max": 7.525,
            "p(90)": 0.55922,
            "p(95)": 0.99952,
            "avg": 0.20353253333333335,
            "min": 0,
            "med": 0
        },
        "http_req_receiving": {
            "avg": 0.1276824,
            "min": 0,
            "med": 0,
            "max": 1.6542,
            "p(90)": 0.55056,
            "p(95)": 0.59083
        },
        "http_req_blocked": {
            "p(90)": 188.22802000000001,
            "p(95)": 207.2104,
            "avg": 97.30926826666662,
            "min": 14.0779,
            "med": 86.7193,
            "max": 233.5199
        },
        "data_received": {
            "rate": 2427102.9160479764,
            "count": 3538518
        },
        "iterations": {
            "count": 375,
            "rate": 257.2160417208535
        },
        "http_req_tls_handshaking": {
            "min": 7.4886,
            "med": 71.1851,
            "max": 210.4489,
            "p(90)": 171.06240000000003,
            "p(95)": 191.82859000000002,
            "avg": 82.20921013333331
        },
        "data_sent": {
            "rate": 221205.795879934,
            "count": 322500
        },
        "http_reqs": {
            "count": 375,
            "rate": 257.2160417208535
        }
    },
    "root_group": {
        "id": "d41d8cd98f00b204e9800998ecf8427e",
        "groups": {},
        "checks": {
                "200 OK": {
                    "name": "200 OK",
                    "path": "::200 OK",
                    "id": "e9654c443eff553da9e69eda7007924e",
                    "passes": 375,
                    "fails": 0
                },
                "201 Created": {
                    "name": "201 Created",
                    "path": "::201 Created",
                    "id": "728dcd977aae263ca314731145e1d447",
                    "passes": 0,
                    "fails": 375
                },
                "204 No Content": {
                    "name": "204 No Content",
                    "path": "::204 No Content",
                    "id": "54fa3c2eda34e1622fda2da5e0479fc5",
                    "passes": 0,
                    "fails": 375
                },
                "400 Bad Request": {
                    "fails": 375,
                    "name": "400 Bad Request",
                    "path": "::400 Bad Request",
                    "id": "eeae81934b9b58bccaf0184a6d070338",
                    "passes": 0
                },
                "401 Unauthorized": {
                    "passes": 0,
                    "fails": 375,
                    "name": "401 Unauthorized",
                    "path": "::401 Unauthorized",
                    "id": "6ae9254e6aefe7f0bafe5102fa7e20a5"
                },
                "403 Forbidden": {
                    "fails": 375,
                    "name": "403 Forbidden",
                    "path": "::403 Forbidden",
                    "id": "655548b761742c5a7ad15aa7df3a5d9c",
                    "passes": 0
                },
                "404 Not Found": {
                    "name": "404 Not Found",
                    "path": "::404 Not Found",
                    "id": "df1528f9925ca236bac51008f77b774a",
                    "passes": 0,
                    "fails": 375
                },
                "429 Too Many Requests": {
                    "passes": 0,
                    "fails": 375,
                    "name": "429 Too Many Requests",
                    "path": "::429 Too Many Requests",
                    "id": "b810c35b9499cc7342fd415032e3a6aa"
                },
                "500 Internal Server Error": {
                    "path": "::500 Internal Server Error",
                    "id": "3cd96245b24e869810efe46d533b0eef",
                    "passes": 0,
                    "fails": 375,
                    "name": "500 Internal Server Error"
                },
                "502 Bad Gateway": {
                    "path": "::502 Bad Gateway",
                    "id": "712cb0ec189a11f31f0d6d0c0031b569",
                    "passes": 0,
                    "fails": 375,
                    "name": "502 Bad Gateway"
                },
                "503 Service Unavailable": {
                    "path": "::503 Service Unavailable",
                    "id": "f1ea1a22be0dc738c385523a66ea1cd9",
                    "passes": 0,
                    "fails": 375,
                    "name": "503 Service Unavailable"
                },
                "504 Gateway Timeout": {
                    "name": "504 Gateway Timeout",
                    "path": "::504 Gateway Timeout",
                    "id": "218efb729cb654723ccd57c6ebbebe29",
                    "passes": 0,
                    "fails": 375
                }
            },
        "name": "",
        "path": ""
    }
}