{
    "metrics": {
        "iteration_duration": {
            "max": 4184.5774,
            "p(90)": 3748.1548000000003,
            "p(95)": 3854.92202,
            "avg": 3165.6343918999946,
            "min": 1052.1905,
            "med": 3338.1528
        },
        "http_req_tls_handshaking": {
            "avg": 194.59460380000004,
            "min": 0,
            "med": 205.65449999999998,
            "max": 456.2187,
            "p(90)": 345.61924000000005,
            "p(95)": 410.51610499999987
        },
        "checks": {
            "passes": 970,
            "fails": 11030,
            "value": 0.08083333333333333
        },
        "vus": {
            "min": 431,
            "max": 1000,
            "value": 431
        },
        "http_reqs": {
            "count": 1000,
            "rate": 238.43001654608946
        },
        "http_req_connecting": {
            "p(95)": 46.14458499999999,
            "avg": 36.63856410000001,
            "min": 18.3109,
            "med": 34.67635,
            "max": 66.9982,
            "p(90)": 44.8969
        },
        "http_req_duration{expected_response:true}": {
            "p(95)": 2601.632125,
            "avg": 1963.542268865978,
            "min": 391.7261,
            "med": 2052.46285,
            "max": 2919.2347,
            "p(90)": 2499.32321
        },
        "http_req_receiving": {
            "avg": 0.10943099999999994,
            "min": 0,
            "med": 0,
            "max": 3.0805,
            "p(90)": 0.52625,
            "p(95)": 0.685125
        },
        "data_sent": {
            "count": 845840,
            "rate": 201673.6451953443
        },
        "http_req_failed": {
            "passes": 30,
            "fails": 970,
            "value": 0.03
        },
        "vus_max": {
            "min": 1000,
            "max": 1000,
            "value": 1000
        },
        "data_received": {
            "count": 9155769,
            "rate": 2183010.1541621727
        },
        "iterations": {
            "count": 1000,
            "rate": 238.43001654608946
        },
        "http_req_blocked": {
            "avg": 256.978919,
            "min": 0,
            "med": 271.79515000000004,
            "max": 528.3881,
            "p(90)": 413.45069,
            "p(95)": 467.90072499999997
        },
        "http_req_duration": {
            "med": 2038.6883,
            "max": 2919.2347,
            "p(90)": 2495.00181,
            "p(95)": 2599.665875,
            "avg": 1904.6360007999986,
            "min": 0
        },
        "http_req_sending": {
            "min": 0,
            "med": 0,
            "max": 55.0009,
            "p(90)": 0.9996,
            "p(95)": 1.00221,
            "avg": 0.3509802999999999
        },
        "http_req_waiting": {
            "avg": 1904.175589499998,
            "min": 0,
            "med": 2038.5479,
            "max": 2919.2347,
            "p(90)": 2495.00181,
            "p(95)": 2598.844315
        }
    },
    "root_group": {
        "id": "d41d8cd98f00b204e9800998ecf8427e",
        "groups": {},
        "checks": {
                "200 OK": {
                    "fails": 30,
                    "name": "200 OK",
                    "path": "::200 OK",
                    "id": "e9654c443eff553da9e69eda7007924e",
                    "passes": 970
                },
                "201 Created": {
                    "name": "201 Created",
                    "path": "::201 Created",
                    "id": "728dcd977aae263ca314731145e1d447",
                    "passes": 0,
                    "fails": 1000
                },
                "204 No Content": {
                    "path": "::204 No Content",
                    "id": "54fa3c2eda34e1622fda2da5e0479fc5",
                    "passes": 0,
                    "fails": 1000,
                    "name": "204 No Content"
                },
                "400 Bad Request": {
                    "id": "eeae81934b9b58bccaf0184a6d070338",
                    "passes": 0,
                    "fails": 1000,
                    "name": "400 Bad Request",
                    "path": "::400 Bad Request"
                },
                "401 Unauthorized": {
                    "name": "401 Unauthorized",
                    "path": "::401 Unauthorized",
                    "id": "6ae9254e6aefe7f0bafe5102fa7e20a5",
                    "passes": 0,
                    "fails": 1000
                },
                "403 Forbidden": {
                    "path": "::403 Forbidden",
                    "id": "655548b761742c5a7ad15aa7df3a5d9c",
                    "passes": 0,
                    "fails": 1000,
                    "name": "403 Forbidden"
                },
                "404 Not Found": {
                    "id": "df1528f9925ca236bac51008f77b774a",
                    "passes": 0,
                    "fails": 1000,
                    "name": "404 Not Found",
                    "path": "::404 Not Found"
                },
                "429 Too Many Requests": {
                    "name": "429 Too Many Requests",
                    "path": "::429 Too Many Requests",
                    "id": "b810c35b9499cc7342fd415032e3a6aa",
                    "passes": 0,
                    "fails": 1000
                },
                "500 Internal Server Error": {
                    "name": "500 Internal Server Error",
                    "path": "::500 Internal Server Error",
                    "id": "3cd96245b24e869810efe46d533b0eef",
                    "passes": 0,
                    "fails": 1000
                },
                "502 Bad Gateway": {
                    "name": "502 Bad Gateway",
                    "path": "::502 Bad Gateway",
                    "id": "712cb0ec189a11f31f0d6d0c0031b569",
                    "passes": 0,
                    "fails": 1000
                },
                "503 Service Unavailable": {
                    "path": "::503 Service Unavailable",
                    "id": "f1ea1a22be0dc738c385523a66ea1cd9",
                    "passes": 0,
                    "fails": 1000,
                    "name": "503 Service Unavailable"
                },
                "504 Gateway Timeout": {
                    "name": "504 Gateway Timeout",
                    "path": "::504 Gateway Timeout",
                    "id": "218efb729cb654723ccd57c6ebbebe29",
                    "passes": 0,
                    "fails": 1000
                }
            },
        "name": "",
        "path": ""
    }
}