{
    "metrics": {
        "data_received": {
            "count": 2962868,
            "rate": 2052747.072765193
        },
        "http_req_blocked": {
            "min": 0,
            "med": 53.7219,
            "max": 186.2239,
            "p(90)": 147.12880000000004,
            "p(95)": 163.79135000000002,
            "avg": 66.70824373333333
        },
        "http_req_duration": {
            "med": 232.6111,
            "max": 384.9127,
            "p(90)": 318.34970000000004,
            "p(95)": 336.9349,
            "avg": 195.32048880000008,
            "min": 0
        },
        "iteration_duration": {
            "med": 1315.9463,
            "max": 1437.0066,
            "p(90)": 1416.49206,
            "p(95)": 1425.98404,
            "avg": 1280.1191808,
            "min": 1048.1646
        },
        "http_req_duration{expected_response:true}": {
            "min": 32.3328,
            "med": 250.71949999999998,
            "max": 384.9127,
            "p(90)": 320.80839,
            "p(95)": 340.9717449999999,
            "avg": 233.26491496815297
        },
        "vus_max": {
            "value": 375,
            "min": 375,
            "max": 375
        },
        "vus": {
            "value": 375,
            "min": 375,
            "max": 375
        },
        "http_req_connecting": {
            "avg": 12.125273599999991,
            "min": 1.9988,
            "med": 10.1006,
            "max": 55.6378,
            "p(90)": 19.33296,
            "p(95)": 23.684390000000008
        },
        "http_req_waiting": {
            "p(95)": 336.6227,
            "avg": 195.12110613333337,
            "min": 0,
            "med": 232.0974,
            "max": 383.7298,
            "p(90)": 317.92856000000006
        },
        "http_req_tls_handshaking": {
            "avg": 39.55751466666669,
            "min": 0,
            "med": 29.0472,
            "max": 127.4977,
            "p(90)": 90.25132000000002,
            "p(95)": 106.96095000000001
        },
        "checks": {
            "passes": 314,
            "fails": 4186,
            "value": 0.06977777777777777
        },
        "http_req_failed": {
            "passes": 61,
            "fails": 314,
            "value": 0.16266666666666665
        },
        "http_reqs": {
            "rate": 259.8091282794061,
            "count": 375
        },
        "data_sent": {
            "count": 270640,
            "rate": 187505.97994010255
        },
        "iterations": {
            "count": 375,
            "rate": 259.8091282794061
        },
        "http_req_sending": {
            "med": 0,
            "max": 2.3983,
            "p(90)": 0.53012,
            "p(95)": 0.9858800000000002,
            "avg": 0.11853866666666658,
            "min": 0
        },
        "http_req_receiving": {
            "avg": 0.08084399999999997,
            "min": 0,
            "med": 0,
            "max": 2.0583,
            "p(90)": 0.51264,
            "p(95)": 0.5439200000000001
        }
    },
    "root_group": {
        "path": "",
        "id": "d41d8cd98f00b204e9800998ecf8427e",
        "groups": {},
        "checks": {
                "200 OK": {
                    "path": "::200 OK",
                    "id": "e9654c443eff553da9e69eda7007924e",
                    "passes": 314,
                    "fails": 61,
                    "name": "200 OK"
                },
                "201 Created": {
                    "name": "201 Created",
                    "path": "::201 Created",
                    "id": "728dcd977aae263ca314731145e1d447",
                    "passes": 0,
                    "fails": 375
                },
                "204 No Content": {
                    "name": "204 No Content",
                    "path": "::204 No Content",
                    "id": "54fa3c2eda34e1622fda2da5e0479fc5",
                    "passes": 0,
                    "fails": 375
                },
                "400 Bad Request": {
                    "id": "eeae81934b9b58bccaf0184a6d070338",
                    "passes": 0,
                    "fails": 375,
                    "name": "400 Bad Request",
                    "path": "::400 Bad Request"
                },
                "401 Unauthorized": {
                    "name": "401 Unauthorized",
                    "path": "::401 Unauthorized",
                    "id": "6ae9254e6aefe7f0bafe5102fa7e20a5",
                    "passes": 0,
                    "fails": 375
                },
                "403 Forbidden": {
                    "path": "::403 Forbidden",
                    "id": "655548b761742c5a7ad15aa7df3a5d9c",
                    "passes": 0,
                    "fails": 375,
                    "name": "403 Forbidden"
                },
                "404 Not Found": {
                    "fails": 375,
                    "name": "404 Not Found",
                    "path": "::404 Not Found",
                    "id": "df1528f9925ca236bac51008f77b774a",
                    "passes": 0
                },
                "429 Too Many Requests": {
                    "id": "b810c35b9499cc7342fd415032e3a6aa",
                    "passes": 0,
                    "fails": 375,
                    "name": "429 Too Many Requests",
                    "path": "::429 Too Many Requests"
                },
                "500 Internal Server Error": {
                    "fails": 375,
                    "name": "500 Internal Server Error",
                    "path": "::500 Internal Server Error",
                    "id": "3cd96245b24e869810efe46d533b0eef",
                    "passes": 0
                },
                "502 Bad Gateway": {
                    "path": "::502 Bad Gateway",
                    "id": "712cb0ec189a11f31f0d6d0c0031b569",
                    "passes": 0,
                    "fails": 375,
                    "name": "502 Bad Gateway"
                },
                "503 Service Unavailable": {
                    "name": "503 Service Unavailable",
                    "path": "::503 Service Unavailable",
                    "id": "f1ea1a22be0dc738c385523a66ea1cd9",
                    "passes": 0,
                    "fails": 375
                },
                "504 Gateway Timeout": {
                    "passes": 0,
                    "fails": 375,
                    "name": "504 Gateway Timeout",
                    "path": "::504 Gateway Timeout",
                    "id": "218efb729cb654723ccd57c6ebbebe29"
                }
            },
        "name": ""
    }
}